{
	"v_w": [
		0.05974709100444863,
		0.08837776373890383
	],
	"b": -0.005101033271090809,
	"cost": 0.02303224102372361,
	"num_iters": 1000000,
	"L": 1e-7,
	"l": 0
}