{"v_w":[1.1966323960159,3.6715509931304573,-2.1855650038218046],"b":47.307350642092814,"cost":1403.4926607345876,"num_iters":1000000,"L":0.0000064,"l":0}