{"v_w":[1.0616251578583955,17.737144586174818,-2.2487041411833366],"b":32.33333133468319,"cost":1519.5107032031535,"num_iters":10000,"L":0.000006351,"l":0}